{
  "accuracy": 0.8597938144329897,
  "macro_precision": 0.8616858365943763,
  "macro_recall": 0.8446283712811345,
  "macro_f1": 0.8464114625275609,
  "per_class_f1": {
    "2S1": 0.9111111111111111,
    "BMP2": 0.6801152737752162,
    "BRDM2": 0.9570093457943926,
    "BTR60": 0.7035398230088495,
    "BTR70": 0.7441860465116279,
    "D7": 0.9514925373134329,
    "T62": 0.9176470588235294,
    "T72": 0.8078817733990148,
    "ZIL131": 0.9529190207156308,
    "ZSU234": 0.8382126348228043
  },
  "per_class_precision": {
    "2S1": 0.924812030075188,
    "BMP2": 0.7763157894736842,
    "BRDM2": 0.9808429118773946,
    "BTR60": 0.6186770428015564,
    "BTR70": 0.8648648648648649,
    "D7": 0.9732824427480916,
    "T62": 0.9873417721518988,
    "T72": 0.780952380952381,
    "ZIL131": 0.9844357976653697,
    "ZSU234": 0.7253333333333334
  },
  "per_class_recall": {
    "2S1": 0.8978102189781022,
    "BMP2": 0.6051282051282051,
    "BRDM2": 0.9343065693430657,
    "BTR60": 0.8153846153846154,
    "BTR70": 0.6530612244897959,
    "D7": 0.9306569343065694,
    "T62": 0.8571428571428571,
    "T72": 0.8367346938775511,
    "ZIL131": 0.9233576642335767,
    "ZSU234": 0.9927007299270073
  },
  "classification_report": {
    "2S1": {
      "precision": 0.924812030075188,
      "recall": 0.8978102189781022,
      "f1-score": 0.9111111111111111,
      "support": 274.0
    },
    "BMP2": {
      "precision": 0.7763157894736842,
      "recall": 0.6051282051282051,
      "f1-score": 0.6801152737752162,
      "support": 195.0
    },
    "BRDM2": {
      "precision": 0.9808429118773946,
      "recall": 0.9343065693430657,
      "f1-score": 0.9570093457943926,
      "support": 274.0
    },
    "BTR60": {
      "precision": 0.6186770428015564,
      "recall": 0.8153846153846154,
      "f1-score": 0.7035398230088495,
      "support": 195.0
    },
    "BTR70": {
      "precision": 0.8648648648648649,
      "recall": 0.6530612244897959,
      "f1-score": 0.7441860465116279,
      "support": 196.0
    },
    "D7": {
      "precision": 0.9732824427480916,
      "recall": 0.9306569343065694,
      "f1-score": 0.9514925373134329,
      "support": 274.0
    },
    "T62": {
      "precision": 0.9873417721518988,
      "recall": 0.8571428571428571,
      "f1-score": 0.9176470588235294,
      "support": 273.0
    },
    "T72": {
      "precision": 0.780952380952381,
      "recall": 0.8367346938775511,
      "f1-score": 0.8078817733990148,
      "support": 196.0
    },
    "ZIL131": {
      "precision": 0.9844357976653697,
      "recall": 0.9233576642335767,
      "f1-score": 0.9529190207156308,
      "support": 274.0
    },
    "ZSU234": {
      "precision": 0.7253333333333334,
      "recall": 0.9927007299270073,
      "f1-score": 0.8382126348228043,
      "support": 274.0
    },
    "accuracy": 0.8597938144329897,
    "macro avg": {
      "precision": 0.8616858365943763,
      "recall": 0.8446283712811345,
      "f1-score": 0.8464114625275609,
      "support": 2425.0
    },
    "weighted avg": {
      "precision": 0.8748262563187421,
      "recall": 0.8597938144329897,
      "f1-score": 0.8609813268732875,
      "support": 2425.0
    }
  },
  "confusion_matrix": [
    [
      246,
      12,
      0,
      2,
      0,
      0,
      1,
      0,
      0,
      13
    ],
    [
      0,
      118,
      0,
      29,
      15,
      0,
      0,
      23,
      0,
      10
    ],
    [
      0,
      0,
      256,
      1,
      0,
      0,
      0,
      6,
      0,
      11
    ],
    [
      0,
      9,
      4,
      159,
      5,
      0,
      0,
      6,
      0,
      12
    ],
    [
      0,
      6,
      1,
      53,
      128,
      0,
      0,
      6,
      0,
      2
    ],
    [
      0,
      0,
      0,
      0,
      0,
      255,
      1,
      0,
      4,
      14
    ],
    [
      18,
      0,
      0,
      0,
      0,
      1,
      234,
      0,
      0,
      20
    ],
    [
      0,
      7,
      0,
      13,
      0,
      0,
      0,
      164,
      0,
      12
    ],
    [
      2,
      0,
      0,
      0,
      0,
      6,
      1,
      3,
      253,
      9
    ],
    [
      0,
      0,
      0,
      0,
      0,
      0,
      0,
      2,
      0,
      272
    ]
  ],
  "feature_dim": 8190,
  "feat_extract_train_sec": 49.54081350000342,
  "feat_extract_train_per_image_ms": 18.03451528940787,
  "feat_extract_test_per_image_ms": 21.16623591754067,
  "svm_fit_sec": 46.638799700012896,
  "svm_predict_sec": 69.9880832999479,
  "train_time_sec": 96.17961320001632,
  "inference_ms_per_image": 50.027301195869704,
  "model_size_mb": 172.2239170074463,
  "n_support_vectors": 2747,
  "n_train": 2747,
  "n_test": 2425,
  "model": "Handcrafted+SVM"
}