{
  "accuracy": 0.9249484536082474,
  "macro_precision": 0.9164180575724457,
  "macro_recall": 0.9150887676800086,
  "macro_f1": 0.9151830452478583,
  "per_class_f1": {
    "2S1": 0.9689213893967094,
    "BMP2": 0.824390243902439,
    "BRDM2": 0.9871559633027523,
    "BTR60": 0.7880299251870324,
    "BTR70": 0.839572192513369,
    "D7": 0.9522058823529411,
    "T62": 0.9552238805970149,
    "T72": 0.8958333333333334,
    "ZIL131": 0.9709090909090909,
    "ZSU234": 0.9695885509838998
  },
  "per_class_precision": {
    "2S1": 0.9706959706959707,
    "BMP2": 0.786046511627907,
    "BRDM2": 0.992619926199262,
    "BTR60": 0.7669902912621359,
    "BTR70": 0.8820224719101124,
    "D7": 0.9592592592592593,
    "T62": 0.973384030418251,
    "T72": 0.9148936170212766,
    "ZIL131": 0.967391304347826,
    "ZSU234": 0.9508771929824561
  },
  "per_class_recall": {
    "2S1": 0.9671532846715328,
    "BMP2": 0.8666666666666667,
    "BRDM2": 0.9817518248175182,
    "BTR60": 0.8102564102564103,
    "BTR70": 0.8010204081632653,
    "D7": 0.9452554744525548,
    "T62": 0.9377289377289377,
    "T72": 0.8775510204081632,
    "ZIL131": 0.9744525547445255,
    "ZSU234": 0.9890510948905109
  },
  "classification_report": {
    "2S1": {
      "precision": 0.9706959706959707,
      "recall": 0.9671532846715328,
      "f1-score": 0.9689213893967094,
      "support": 274.0
    },
    "BMP2": {
      "precision": 0.786046511627907,
      "recall": 0.8666666666666667,
      "f1-score": 0.824390243902439,
      "support": 195.0
    },
    "BRDM2": {
      "precision": 0.992619926199262,
      "recall": 0.9817518248175182,
      "f1-score": 0.9871559633027523,
      "support": 274.0
    },
    "BTR60": {
      "precision": 0.7669902912621359,
      "recall": 0.8102564102564103,
      "f1-score": 0.7880299251870324,
      "support": 195.0
    },
    "BTR70": {
      "precision": 0.8820224719101124,
      "recall": 0.8010204081632653,
      "f1-score": 0.839572192513369,
      "support": 196.0
    },
    "D7": {
      "precision": 0.9592592592592593,
      "recall": 0.9452554744525548,
      "f1-score": 0.9522058823529411,
      "support": 274.0
    },
    "T62": {
      "precision": 0.973384030418251,
      "recall": 0.9377289377289377,
      "f1-score": 0.9552238805970149,
      "support": 273.0
    },
    "T72": {
      "precision": 0.9148936170212766,
      "recall": 0.8775510204081632,
      "f1-score": 0.8958333333333334,
      "support": 196.0
    },
    "ZIL131": {
      "precision": 0.967391304347826,
      "recall": 0.9744525547445255,
      "f1-score": 0.9709090909090909,
      "support": 274.0
    },
    "ZSU234": {
      "precision": 0.9508771929824561,
      "recall": 0.9890510948905109,
      "f1-score": 0.9695885509838998,
      "support": 274.0
    },
    "accuracy": 0.9249484536082474,
    "macro avg": {
      "precision": 0.9164180575724457,
      "recall": 0.9150887676800086,
      "f1-score": 0.9151830452478583,
      "support": 2425.0
    },
    "weighted avg": {
      "precision": 0.9266650438569572,
      "recall": 0.9249484536082474,
      "f1-score": 0.9253210291647107,
      "support": 2425.0
    }
  },
  "confusion_matrix": [
    [
      265,
      2,
      0,
      1,
      0,
      0,
      3,
      0,
      0,
      3
    ],
    [
      0,
      169,
      0,
      15,
      6,
      0,
      0,
      5,
      0,
      0
    ],
    [
      0,
      0,
      269,
      0,
      0,
      0,
      0,
      4,
      0,
      1
    ],
    [
      0,
      16,
      1,
      158,
      13,
      0,
      0,
      7,
      0,
      0
    ],
    [
      0,
      17,
      1,
      21,
      157,
      0,
      0,
      0,
      0,
      0
    ],
    [
      1,
      0,
      0,
      0,
      0,
      259,
      3,
      0,
      5,
      6
    ],
    [
      4,
      0,
      0,
      0,
      0,
      6,
      256,
      0,
      3,
      4
    ],
    [
      0,
      11,
      0,
      11,
      2,
      0,
      0,
      172,
      0,
      0
    ],
    [
      2,
      0,
      0,
      0,
      0,
      4,
      1,
      0,
      267,
      0
    ],
    [
      1,
      0,
      0,
      0,
      0,
      1,
      0,
      0,
      1,
      271
    ]
  ],
  "model": "ResNet18",
  "feature_dim": 512,
  "train_time_sec": 156.1408030000166,
  "inference_ms_per_image": 6.41326719999779,
  "model_size_mb": 42.73045539855957,
  "total_params": 11181642,
  "trainable_params": 10498570,
  "phase_boundary": 10,
  "history": [
    {
      "phase": 1,
      "epoch": 1,
      "lr": 0.001,
      "train_loss": 2.1304697334613163,
      "val_loss": 2.098979221995171,
      "train_acc": 0.2099400171379606,
      "val_acc": 0.2397094430992736
    },
    {
      "phase": 1,
      "epoch": 2,
      "lr": 0.001,
      "train_loss": 1.7314568182905208,
      "val_loss": 1.7547498081267312,
      "train_acc": 0.37017994858611825,
      "val_acc": 0.3728813559322034
    },
    {
      "phase": 1,
      "epoch": 3,
      "lr": 0.001,
      "train_loss": 1.574305674206424,
      "val_loss": 1.6563782738138342,
      "train_acc": 0.4305912596401028,
      "val_acc": 0.38256658595641646
    },
    {
      "phase": 1,
      "epoch": 4,
      "lr": 0.001,
      "train_loss": 1.4815278308659205,
      "val_loss": 1.5874392940114832,
      "train_acc": 0.4661525278491859,
      "val_acc": 0.4358353510895884
    },
    {
      "phase": 1,
      "epoch": 5,
      "lr": 0.001,
      "train_loss": 1.4182300382735082,
      "val_loss": 1.551251204481425,
      "train_acc": 0.5012853470437018,
      "val_acc": 0.4406779661016949
    },
    {
      "phase": 1,
      "epoch": 6,
      "lr": 0.001,
      "train_loss": 1.370615683668377,
      "val_loss": 1.4856551140907601,
      "train_acc": 0.517566409597258,
      "val_acc": 0.48184019370460046
    },
    {
      "phase": 1,
      "epoch": 7,
      "lr": 0.001,
      "train_loss": 1.357145189421751,
      "val_loss": 1.4807616564609813,
      "train_acc": 0.512853470437018,
      "val_acc": 0.46246973365617433
    },
    {
      "phase": 1,
      "epoch": 8,
      "lr": 0.001,
      "train_loss": 1.2905992962094384,
      "val_loss": 1.4421422158257435,
      "train_acc": 0.5368466152527849,
      "val_acc": 0.4891041162227603
    },
    {
      "phase": 1,
      "epoch": 9,
      "lr": 0.001,
      "train_loss": 1.2922879326721493,
      "val_loss": 1.4251662411932218,
      "train_acc": 0.5325621251071122,
      "val_acc": 0.48426150121065376
    },
    {
      "phase": 1,
      "epoch": 10,
      "lr": 0.001,
      "train_loss": 1.2716090864060572,
      "val_loss": 1.3950476138412808,
      "train_acc": 0.5432733504712939,
      "val_acc": 0.5036319612590799
    },
    {
      "phase": 2,
      "epoch": 1,
      "lr": 0.0001,
      "train_loss": 0.9767330333322363,
      "val_loss": 0.8500031864960603,
      "train_acc": 0.6435304198800342,
      "val_acc": 0.6779661016949152
    },
    {
      "phase": 2,
      "epoch": 2,
      "lr": 9.890738003669029e-05,
      "train_loss": 0.6275263275462741,
      "val_loss": 0.5610074233489233,
      "train_acc": 0.7716366752356469,
      "val_acc": 0.7869249394673123
    },
    {
      "phase": 2,
      "epoch": 3,
      "lr": 9.567727288213005e-05,
      "train_loss": 0.4723742119552952,
      "val_loss": 0.4657505117086175,
      "train_acc": 0.8239074550128535,
      "val_acc": 0.8062953995157385
    },
    {
      "phase": 2,
      "epoch": 4,
      "lr": 9.045084971874738e-05,
      "train_loss": 0.3777045901504049,
      "val_loss": 0.42270215815406736,
      "train_acc": 0.8594687232219366,
      "val_acc": 0.8547215496368039
    },
    {
      "phase": 2,
      "epoch": 5,
      "lr": 8.345653031794292e-05,
      "train_loss": 0.34177770186614664,
      "val_loss": 0.342992545978209,
      "train_acc": 0.8706083976006855,
      "val_acc": 0.8668280871670703
    },
    {
      "phase": 2,
      "epoch": 6,
      "lr": 7.500000000000001e-05,
      "train_loss": 0.25813827329756567,