{
  "image_size": [
    128,
    128
  ],
  "n_train_full": 2747,
  "n_train": 2334,
  "n_val": 413,
  "n_test": 2425,
  "per_class_train": {
    "2S1": 299,
    "BMP2": 233,
    "BRDM2": 298,
    "BTR60": 256,
    "BTR70": 233,
    "D7": 299,
    "T62": 299,
    "T72": 232,
    "ZIL131": 299,
    "ZSU234": 299
  },
  "per_class_test": {
    "2S1": 274,
    "BMP2": 195,
    "BRDM2": 274,
    "BTR60": 195,
    "BTR70": 196,
    "D7": 274,
    "T62": 273,
    "T72": 196,
    "ZIL131": 274,
    "ZSU234": 274
  },
  "pixel_mean": 0.029465856082220042,
  "pixel_std": 0.03456670957709474,
  "pixel_min": 0,
  "pixel_max": 255
}