{
  "accuracy": 0.9579381443298969,
  "macro_precision": 0.9514962348570428,
  "macro_recall": 0.9501441328917867,
  "macro_f1": 0.9503236602092695,
  "per_class_f1": {
    "2S1": 0.9926739926739927,
    "BMP2": 0.8528678304239401,
    "BRDM2": 0.9819494584837545,
    "BTR60": 0.8695652173913043,
    "BTR70": 0.8888888888888888,
    "D7": 0.9981785063752276,
    "T62": 0.9851301115241635,
    "T72": 0.9573934837092731,
    "ZIL131": 0.9981718464351006,
    "ZSU234": 0.9784172661870504
  },
  "per_class_precision": {
    "2S1": 0.9963235294117647,
    "BMP2": 0.8300970873786407,
    "BRDM2": 0.9714285714285714,
    "BTR60": 0.8673469387755102,
    "BTR70": 0.9479768786127167,
    "D7": 0.9963636363636363,
    "T62": 1.0,
    "T72": 0.9408866995073891,
    "ZIL131": 1.0,
    "ZSU234": 0.9645390070921985
  },
  "per_class_recall": {
    "2S1": 0.9890510948905109,
    "BMP2": 0.8769230769230769,
    "BRDM2": 0.9927007299270073,
    "BTR60": 0.8717948717948718,
    "BTR70": 0.8367346938775511,
    "D7": 1.0,
    "T62": 0.9706959706959707,
    "T72": 0.9744897959183674,
    "ZIL131": 0.9963503649635036,
    "ZSU234": 0.9927007299270073
  },
  "classification_report": {
    "2S1": {
      "precision": 0.9963235294117647,
      "recall": 0.9890510948905109,
      "f1-score": 0.9926739926739927,
      "support": 274.0
    },
    "BMP2": {
      "precision": 0.8300970873786407,
      "recall": 0.8769230769230769,
      "f1-score": 0.8528678304239401,
      "support": 195.0
    },
    "BRDM2": {
      "precision": 0.9714285714285714,
      "recall": 0.9927007299270073,
      "f1-score": 0.9819494584837545,
      "support": 274.0
    },
    "BTR60": {
      "precision": 0.8673469387755102,
      "recall": 0.8717948717948718,
      "f1-score": 0.8695652173913043,
      "support": 195.0
    },
    "BTR70": {
      "precision": 0.9479768786127167,
      "recall": 0.8367346938775511,
      "f1-score": 0.8888888888888888,
      "support": 196.0
    },
    "D7": {
      "precision": 0.9963636363636363,
      "recall": 1.0,
      "f1-score": 0.9981785063752276,
      "support": 274.0
    },
    "T62": {
      "precision": 1.0,
      "recall": 0.9706959706959707,
      "f1-score": 0.9851301115241635,
      "support": 273.0
    },
    "T72": {
      "precision": 0.9408866995073891,
      "recall": 0.9744897959183674,
      "f1-score": 0.9573934837092731,
      "support": 196.0
    },
    "ZIL131": {
      "precision": 1.0,
      "recall": 0.9963503649635036,
      "f1-score": 0.9981718464351006,
      "support": 274.0
    },
    "ZSU234": {
      "precision": 0.9645390070921985,
      "recall": 0.9927007299270073,
      "f1-score": 0.9784172661870504,
      "support": 274.0
    },
    "accuracy": 0.9579381443298969,
    "macro avg": {
      "precision": 0.9514962348570428,
      "recall": 0.9501441328917867,
      "f1-score": 0.9503236602092695,
      "support": 2425.0
    },
    "weighted avg": {
      "precision": 0.9586269057108251,
      "recall": 0.9579381443298969,
      "f1-score": 0.9578636960914694,
      "support": 2425.0
    }
  },
  "confusion_matrix": [
    [
      271,
      0,
      2,
      0,
      0,
      0,
      0,
      0,
      0,
      1
    ],
    [
      0,
      171,
      0,
      13,
      5,
      0,
      0,
      6,
      0,
      0
    ],
    [
      0,
      2,
      272,
      0,
      0,
      0,
      0,
      0,
      0,
      0
    ],
    [
      0,
      12,
      2,
      170,
      3,
      0,
      0,
      6,
      0,
      2
    ],
    [
      0,
      19,
      1,
      12,
      164,
      0,
      0,
      0,
      0,
      0
    ],
    [
      0,
      0,
      0,
      0,
      0,
      274,
      0,
      0,
      0,
      0
    ],
    [
      1,
      0,
      0,
      0,
      0,
      0,
      265,
      0,
      0,
      7
    ],
    [
      0,
      2,
      2,
      0,
      1,
      0,
      0,
      191,
      0,
      0
    ],
    [
      0,
      0,
      0,
      0,
      0,
      1,
      0,
      0,
      273,
      0
    ],
    [
      0,
      0,
      1,
      1,
      0,
      0,
      0,
      0,
      0,
      272
    ]
  ],
  "model": "DeiT-Small",
  "feature_dim": 384,
  "train_time_sec": 400.8166841000202,
  "inference_ms_per_image": 10.180254800012335,
  "model_size_mb": 82.71969795227051,
  "total_params": 21669514,
  "trainable_params": 21669514,
  "phase_boundary": 10,
  "history": [
    {
      "phase": 1,
      "epoch": 1,
      "lr": 0.001,
      "train_loss": 1.945368043152614,
      "val_loss": 1.6989409147105552,
      "train_acc": 0.33161953727506427,
      "val_acc": 0.37772397094430993
    },
    {
      "phase": 1,
      "epoch": 2,
      "lr": 0.001,
      "train_loss": 1.5190949030380119,
      "val_loss": 1.3848281356959309,
      "train_acc": 0.5077120822622108,
      "val_acc": 0.5544794188861986
    },
    {
      "phase": 1,
      "epoch": 3,
      "lr": 0.001,
      "train_loss": 1.3154522809802516,
      "val_loss": 1.2709117100256118,
      "train_acc": 0.5668380462724936,
      "val_acc": 0.5883777239709443
    },
    {
      "phase": 1,
      "epoch": 4,
      "lr": 0.001,
      "train_loss": 1.2140566014589769,
      "val_loss": 1.2032334738147172,
      "train_acc": 0.6083976006855184,
      "val_acc": 0.5811138014527845
    },
    {
      "phase": 1,
      "epoch": 5,
      "lr": 0.001,
      "train_loss": 1.1244483295422696,
      "val_loss": 1.1143835754140525,
      "train_acc": 0.6443873179091688,
      "val_acc": 0.6368038740920097
    },
    {
      "phase": 1,
      "epoch": 6,
      "lr": 0.001,
      "train_loss": 1.0791093358752455,
      "val_loss": 1.0625264532052288,
      "train_acc": 0.6422450728363325,
      "val_acc": 0.6513317191283293
    },
    {
      "phase": 1,
      "epoch": 7,
      "lr": 0.001,
      "train_loss": 1.0246244174553578,
      "val_loss": 1.0466373601779522,
      "train_acc": 0.6722365038560412,
      "val_acc": 0.6368038740920097
    },
    {
      "phase": 1,
      "epoch": 8,
      "lr": 0.001,
      "train_loss": 0.9906349118285028,
      "val_loss": 1.0029120272066057,
      "train_acc": 0.68337617823479,
      "val_acc": 0.6513317191283293
    },
    {
      "phase": 1,
      "epoch": 9,
      "lr": 0.001,
      "train_loss": 0.9541376011434946,
      "val_loss": 1.0180900522640772,
      "train_acc": 0.676949443016281,
      "val_acc": 0.6174334140435835
    },
    {
      "phase": 1,
      "epoch": 10,
      "lr": 0.001,
      "train_loss": 0.9314980621305202,
      "val_loss": 0.9416664257176564,
      "train_acc": 0.6902313624678663,
      "val_acc": 0.6755447941888619
    },
    {
      "phase": 2,
      "epoch": 1,
      "lr": 5e-05,
      "train_loss": 0.8020010262140373,
      "val_loss": 0.5060473533288619,
      "train_acc": 0.6928020565552699,
      "val_acc": 0.801452784503632
    },
    {
      "phase": 2,
      "epoch": 2,
      "lr": 4.9453690018345144e-05,
      "train_loss": 0.40159856915576087,
      "val_loss": 0.4457269733812272,
      "train_acc": 0.8483290488431876,
      "val_acc": 0.8256658595641646
    },
    {
      "phase": 2,
      "epoch": 3,
      "lr": 4.783863644106502e-05,
      "train_loss": 0.29425652793767415,
      "val_loss": 0.3387047069701964,
      "train_acc": 0.8903170522707797,
      "val_acc": 0.864406779661017
    },
    {
      "phase": 2,
      "epoch": 4,
      "lr": 4.522542485937369e-05,
      "train_loss": 0.2307310090835215,
      "val_loss": 0.24784941231656016,
      "train_acc": 0.910025706940874,
      "val_acc": 0.9176755447941889
    },
    {
      "phase": 2,
      "epoch": 5,
      "lr": 4.172826515897146e-05,
      "train_loss": 0.15809100049116107,
      "val_loss": 0.308794887894291,
      "train_acc": 0.9447300771208226,
      "val_acc": 0.87409200968523
    },
    {
      "phase": 2,
      "epoch": 6,
      "lr": 3.7500000000000003e-05,
      "train_loss": 0.14445515068913486,
      "val_loss": 0.17492768913507462,
      "train_acc": 0.9490145672664952,